{"emd_td": 0.0026303176578145403, "emd_it": 0.002478148239476143}