{"emd_td": 0.0033231256509061624, "emd_it": 0.002061101811847191}