{"emd_td": 0.002579627817364522, "emd_it": 0.002338863972990341}