{"emd_td": 0.0058377822622318574, "emd_it": 0.0024323969501858435}