{"emd_td": 0.006990692490577589, "emd_it": 0.0067834852130448575}