{"emd_td": 0.0020172223069599756, "emd_it": 0.001597375848745673}