{"emd_td": 0.005418292281804132, "emd_it": 0.005264529014610427}