{"emd_td": 0.004406588643225436, "emd_it": 0.00431994133508556}