{"emd_td": 0.0013809065184328835, "emd_it": 0.002884162481869863}