{"emd_td": 0.006757462797934939, "emd_it": 0.005468354430379745}