{"emd_td": 0.0015365884223931662, "emd_it": 0.0019794605897136713}