{"emd_td": 0.002877086489726577, "emd_it": 0.0021716918730051746}