{"emd_td": 0.0037971258932956962, "emd_it": 0.0044154649454229734}