{"emd_td": 0.008494908410079145, "emd_it": 0.007533038791381896}