{"emd_td": 0.002952770442973672, "emd_it": 0.0041377745625201}