{"emd_td": 0.0037533749891003935, "emd_it": 0.0034430914406079513}