{"emd_td": 0.004390630580940867, "emd_it": 0.0046667814165275824}