{"emd_td": 0.002703824283577985, "emd_it": 0.0024726608724217848}