{"emd_td": 0.0027781566286996734, "emd_it": 0.0025792633628961992}