{"emd_td": 0.005304976406180008, "emd_it": 0.0050162882603371805}