{"emd_td": 0.004773622004318339, "emd_it": 0.0034880508357507957}