{"emd_td": 0.005628595562698231, "emd_it": 0.005964219348955793}