{"emd_td": 0.0031899524178710787, "emd_it": 0.003147674925469768}