{"emd_td": 0.0028439623416324053, "emd_it": 0.002429144825760261}