{"emd_td": 0.001428006904788581, "emd_it": 0.0010955804089572835}