{"emd_td": 0.0061089494163424135, "emd_it": 0.006194760101010098}