{"emd_td": 0.002936594181440065, "emd_it": 0.0028613493316399234}