{"emd_td": 0.004352458492349741, "emd_it": 0.004387802607076349}