{"emd_td": 0.0020748806796681424, "emd_it": 0.0021792396371360604}