{"emd_td": 0.0021725633736372433, "emd_it": 0.0018231360292308028}