{"emd_td": 0.0056939255035349376, "emd_it": 0.005442664860448459}