{"emd_td": 0.0056572115414799656, "emd_it": 0.007434903301624678}