{"emd_td": 0.0053616772049132734, "emd_it": 0.0036924046966350073}