{"emd_td": 0.0032163230721181046, "emd_it": 0.003982348723828229}