{"emd_td": 0.010148996312358279, "emd_it": 0.007882237991756816}