{"emd_td": 0.0031317205196717407, "emd_it": 0.002976567249980164}