{"emd_td": 0.0018171978669026191, "emd_it": 0.0019104277491161792}