{"emd_td": 0.003969777315585719, "emd_it": 0.003048065342284581}