{"emd_td": 0.0053997710469746284, "emd_it": 0.005452621604432295}