{"emd_td": 0.0033782986281843453, "emd_it": 0.0024000348550959312}