{"emd_td": 0.005968078613626232, "emd_it": 0.006475149147983989}