{"emd_td": 0.003564177614308643, "emd_it": 0.0029628493557010485}