{"emd_td": 0.002671786894279456, "emd_it": 0.002304397067906793}