{"emd_td": 0.0025156262414953506, "emd_it": 0.003689366851066321}