{"emd_td": 0.005014627227177033, "emd_it": 0.0033700531959638797}