{"emd_td": 0.007501058046021436, "emd_it": 0.0028552630705953055}