{"emd_td": 0.003718046133459103, "emd_it": 0.0026610082312796116}