{"emd_td": 0.00728662497445741, "emd_it": 0.005162821088632485}