{"emd_td": 0.00379987999668729, "emd_it": 0.004164332946230604}