{"emd_td": 0.004047366873087881, "emd_it": 0.0047311082932948115}