{"emd_td": 0.0030052234509053786, "emd_it": 0.003399055809289295}