{"emd_td": 0.004550264550264551, "emd_it": 0.004597357054270202}