{"emd_td": 0.006410424962038478, "emd_it": 0.004137603925089451}