{"emd_td": 0.0017584779298620073, "emd_it": 0.001997336694908704}