{"emd_td": 0.002479802111096942, "emd_it": 0.0017537103334768806}