{"emd_td": 0.004305228937936157, "emd_it": 0.0020311988052217483}