{"emd_td": 0.0072914980274444655, "emd_it": 0.005828081826502199}