{"emd_td": 0.0028913787573285094, "emd_it": 0.004495031034499125}