{"emd_td": 0.00297703249586623, "emd_it": 0.0031997141719716693}