{"emd_td": 0.0018063483727440805, "emd_it": 0.004527307813847396}