{"emd_td": 0.0023463054839149627, "emd_it": 0.005166736735055147}