{"emd_td": 0.0021389817020514017, "emd_it": 0.0021449760616712443}