{"emd_td": 0.000668762820883493, "emd_it": 0.0012004332045987712}