{"emd_td": 0.0031458191146849614, "emd_it": 0.0026473631419972267}