{"emd_td": 0.003596964265718593, "emd_it": 0.002280385892403784}