{"emd_td": 0.0028363129389515555, "emd_it": 0.00278770685386968}