{"emd_td": 0.004044917798630648, "emd_it": 0.0029406712134663645}