{"emd_td": 0.0015446829607595031, "emd_it": 0.0015520215053835087}