{"emd_td": 0.0028722365991723274, "emd_it": 0.0017622350265805232}