{"emd_td": 0.002188919686384415, "emd_it": 0.0030638625671657194}