{"emd_td": 0.0037498929867711183, "emd_it": 0.0028331176886130568}