{"emd_td": 0.005193023896112387, "emd_it": 0.004957685992168743}