{"emd_td": 0.004412484932189536, "emd_it": 0.004103607091266777}