{"emd_td": 0.0027928539122568973, "emd_it": 0.002806265432566315}