{"emd_td": 0.005915465379076139, "emd_it": 0.0036367116470475643}