{"emd_td": 0.0067065246865059885, "emd_it": 0.006287725459957404}