{"emd_td": 0.0032030219970812014, "emd_it": 0.0030990530141351046}