{"emd_td": 0.00487926635832026, "emd_it": 0.004691667287769777}