{"emd_td": 0.00397400126419158, "emd_it": 0.005185966572020656}