{"emd_td": 0.003886413927905831, "emd_it": 0.0031145840312193644}