{"emd_td": 0.004508959430274369, "emd_it": 0.0045582314393249005}