{"emd_td": 0.0030786769841518223, "emd_it": 0.003072848032518202}