{"emd_td": 0.002101882842435605, "emd_it": 0.0020073271988239943}