{"emd_td": 0.005008625455427386, "emd_it": 0.004761904761904762}