{"emd_td": 0.00379936881453565, "emd_it": 0.0038442460317460315}