{"emd_td": 0.004054143662318681, "emd_it": 0.0034842741691708825}