{"emd_td": 0.004488931901503167, "emd_it": 0.005724497905672785}