{"emd_td": 0.0021633811245039846, "emd_it": 0.0020466227532013946}