{"emd_td": 0.004030691368276701, "emd_it": 0.0038190049669925784}