{"emd_td": 0.002476576165208369, "emd_it": 0.002582035663869181}