{"emd_td": 0.0042542640370092435, "emd_it": 0.00475064972109826}