{"emd_td": 0.003413059426630925, "emd_it": 0.0033037058739440336}