{"emd_td": 0.004160658565738105, "emd_it": 0.003777582716186327}