{"emd_td": 0.009967866745360347, "emd_it": 0.010197112728190499}