{"emd_td": 0.0045218855213737166, "emd_it": 0.0035814470285232968}