{"emd_td": 0.005261557057927076, "emd_it": 0.005035840667815991}