{"emd_td": 0.0015473248286157646, "emd_it": 0.0024917296655655027}