{"emd_td": 0.004748320929950724, "emd_it": 0.004567426330452022}