{"emd_td": 0.0021838505717852947, "emd_it": 0.004093915495463456}