{"emd_td": 0.0035265201106216854, "emd_it": 0.0033590654779394507}