{"emd_td": 0.0036279428825916654, "emd_it": 0.0023301128874493792}