{"emd_td": 0.0029217765822820902, "emd_it": 0.00332942229983352}