{"emd_td": 0.005104311133591964, "emd_it": 0.003066031436489459}