{"emd_td": 0.0038624510986206145, "emd_it": 0.0032202505535602745}