{"emd_td": 0.004162747820136541, "emd_it": 0.004185799119714728}