{"emd_td": 0.006258312995261583, "emd_it": 0.005825438419673452}