{"emd_td": 0.012711838944305314, "emd_it": 0.011156034740940408}