{"emd_td": 0.003241681092274812, "emd_it": 0.003046463296737857}