{"emd_td": 0.0022150208058261426, "emd_it": 0.0018803524820974894}