{"emd_td": 0.014753232255729366, "emd_it": 0.014933166248955741}