{"emd_td": 0.0025011500230832503, "emd_it": 0.0034757362037040043}