{"emd_td": 0.007390043818553476, "emd_it": 0.005182685404287617}