{"emd_td": 0.0013212427433856022, "emd_it": 0.0013082097595623339}