{"emd_td": 0.004370723129540182, "emd_it": 0.0037403888810856193}