{"emd_td": 0.0014349876003963242, "emd_it": 0.0025998714162001405}