{"emd_td": 0.0042539354271602225, "emd_it": 0.0032559065334210133}