{"emd_td": 0.0034899678365480705, "emd_it": 0.003449148254343057}