{"emd_td": 0.0019255372572176744, "emd_it": 0.002180367012161372}