{"emd_td": 0.003941387705884689, "emd_it": 0.0031648880557920297}