{"emd_td": 0.003566762477136138, "emd_it": 0.003647779051663457}