{"emd_td": 0.0012057325544951774, "emd_it": 0.0007516374577872609}