{"emd_td": 0.0025810177727517815, "emd_it": 0.0024099556357620876}