{"emd_td": 0.0036454908677534493, "emd_it": 0.0027976374211878645}