{"emd_td": 0.003305230111853339, "emd_it": 0.003358207700004575}