{"emd_td": 0.0035099971007285387, "emd_it": 0.0034443810943137147}