{"emd_td": 0.007185030733720263, "emd_it": 0.003757772274189951}