{"emd_td": 0.003952229454066926, "emd_it": 0.0032112514369461304}