{"emd_td": 0.004869592436014393, "emd_it": 0.00456815234879582}