{"emd_td": 0.007030654276407392, "emd_it": 0.0067497442892573}