{"emd_td": 0.0030128604505840445, "emd_it": 0.002838438345722675}