{"emd_td": 0.004581513482939447, "emd_it": 0.004704221839911189}