{"emd_td": 0.0013523443885807476, "emd_it": 0.002174472651530497}