{"emd_td": 0.00586129031892428, "emd_it": 0.003439859125404957}