{"emd_td": 0.005227224307690942, "emd_it": 0.004645869141208394}