{"emd_td": 0.004351129478910505, "emd_it": 0.004283055737404406}