{"emd_td": 0.0043312092073934105, "emd_it": 0.002641078156101917}