{"emd_td": 0.0035371413501976952, "emd_it": 0.00325236556571351}