{"emd_td": 0.006076176840250171, "emd_it": 0.004631675701262657}