{"emd_td": 0.003807801016430359, "emd_it": 0.0037048781388502937}