{"emd_td": 0.0025508824619883456, "emd_it": 0.002908465283811805}