{"emd_td": 0.003782546063549969, "emd_it": 0.004742735785208279}