{"emd_td": 0.0031097709616161964, "emd_it": 0.002306782780510725}