{"emd_td": 0.0009830662550653034, "emd_it": 0.0020376839039232867}