{"emd_td": 0.0075273596411661505, "emd_it": 0.004452353187481246}