{"emd_td": 0.002762116289282286, "emd_it": 0.0023432339584425342}