{"emd_td": 0.0029840063097132247, "emd_it": 0.0030314006486932164}