{"emd_td": 0.00676407704636213, "emd_it": 0.006691696267128401}