{"emd_td": 0.002508088355499052, "emd_it": 0.004235834061195221}