{"emd_td": 0.007163292130533407, "emd_it": 0.0054038309489675}