{"emd_td": 0.00438294291899704, "emd_it": 0.004613408186376398}