{"emd_td": 0.0034679570363757594, "emd_it": 0.002708279961256668}