{"emd_td": 0.004556182335147757, "emd_it": 0.0036845529112009634}