{"emd_td": 0.0058581141729841316, "emd_it": 0.0036479426127560928}