{"emd_td": 0.014377482788935093, "emd_it": 0.013021970027644414}