{"emd_td": 0.004776954097922553, "emd_it": 0.0030629978223180314}