{"emd_td": 0.005930155478086482, "emd_it": 0.006151175050295837}