{"emd_td": 0.008807928758845871, "emd_it": 0.005682908859974706}