{"emd_td": 0.004243152441966404, "emd_it": 0.004034476434989918}