{"emd_td": 0.004548895919137769, "emd_it": 0.004213175014156744}