{"emd_td": 0.005614226484551656, "emd_it": 0.0020644737131688927}