{"emd_td": 0.003188431270536823, "emd_it": 0.0035114717915166525}