{"emd_td": 0.0021008541474555357, "emd_it": 0.0019161669801367682}