{"emd_td": 0.002454748457207408, "emd_it": 0.0015136243882785188}