{"emd_td": 0.0034464279587733946, "emd_it": 0.0028916012786980518}