{"emd_td": 0.004441582488051396, "emd_it": 0.0075168894731385705}