{"emd_td": 0.0033637507405990235, "emd_it": 0.0036367738116904816}