{"emd_td": 0.004612111842695518, "emd_it": 0.0072417200916371745}