{"emd_td": 0.0035964215225743348, "emd_it": 0.0036112654316447943}