{"emd_td": 0.005680811442867348, "emd_it": 0.0010567622653643869}