{"emd_td": 0.0010849737736383777, "emd_it": 0.0027157912267023305}