{"emd_td": 0.0032984242135387478, "emd_it": 0.0033061990586056985}