{"emd_td": 0.0033457124855650324, "emd_it": 0.003292198247492844}