{"emd_td": 0.00548457865531036, "emd_it": 0.0055444134353159116}