{"emd_td": 0.0018818444844872436, "emd_it": 0.001330215755957202}