{"emd_td": 0.0054515241195106905, "emd_it": 0.0035525532339544985}