{"emd_td": 0.004677177058650417, "emd_it": 0.004707865630525061}