{"emd_td": 0.002530156656984227, "emd_it": 0.003964640259830723}