{"emd_td": 0.003623643467091819, "emd_it": 0.003189265211368841}