{"emd_td": 0.014576129120622502, "emd_it": 0.012949152542372878}