{"emd_td": 0.001360418619145129, "emd_it": 0.002327896379041164}