{"emd_td": 0.0030597033600420127, "emd_it": 0.002678913126674321}