{"emd_td": 0.0031491799809749655, "emd_it": 0.0023986933352500095}