{"emd_td": 0.0019684863826836814, "emd_it": 0.0019787325832715716}