{"emd_td": 0.004986026049406531, "emd_it": 0.004162646781843248}