{"emd_td": 0.003930589483832307, "emd_it": 0.003945022985270662}