{"emd_td": 0.002260119608567431, "emd_it": 0.0019691276472442914}