{"emd_td": 0.0046604083158421645, "emd_it": 0.0032058591072498498}