{"emd_td": 0.0025258292487605567, "emd_it": 0.00232186227183651}