{"emd_td": 0.0035373488570064043, "emd_it": 0.004299498619489308}