{"emd_td": 0.0028582079822444513, "emd_it": 0.004843885166876184}