{"emd_td": 0.004413564841154398, "emd_it": 0.0033184005309440843}