{"emd_td": 0.00499868114404136, "emd_it": 0.005067150037076707}