{"emd_td": 0.0026720717370893807, "emd_it": 0.002625606605664065}