{"emd_td": 0.008356607919643395, "emd_it": 0.00444847332895681}