{"emd_td": 0.003712712802318648, "emd_it": 0.003744457262833492}