{"emd_td": 0.0029552829676383354, "emd_it": 0.0037638433427946475}