{"emd_td": 0.007472484207728384, "emd_it": 0.0047082420904174214}