{"emd_td": 0.006437724801656069, "emd_it": 0.003093573693761016}