{"emd_td": 0.0021911951708061574, "emd_it": 0.0017184991238316984}