{"emd_td": 0.0026766835867534566, "emd_it": 0.0026087339567215516}