{"emd_td": 0.006123730878493749, "emd_it": 0.005936317293849466}