{"emd_td": 0.0037301914877177164, "emd_it": 0.0035919860782651367}