{"emd_td": 0.007325363290665984, "emd_it": 0.004733317354576764}