{"emd_td": 0.003722510374819857, "emd_it": 0.0025497840647331865}