{"emd_td": 0.007050315071284727, "emd_it": 0.00599150102202166}