{"emd_td": 0.005815601885648098, "emd_it": 0.003769918303137622}