{"emd_td": 0.003787966506838881, "emd_it": 0.003589207250402382}