{"emd_td": 0.004198298094234724, "emd_it": 0.001758267729239813}