{"emd_td": 0.00425401319744309, "emd_it": 0.00454781354860715}