{"emd_td": 0.004049176457229926, "emd_it": 0.003704675678466746}