{"emd_td": 0.0030387089122402007, "emd_it": 0.0022972404309287067}