{"emd_td": 0.0025505670808107657, "emd_it": 0.003751223829578779}