{"emd_td": 0.0032273844207135094, "emd_it": 0.004308699308639713}