{"emd_td": 0.0033373610859512744, "emd_it": 0.0028241612395444324}