{"emd_td": 0.004919747239505754, "emd_it": 0.0039429723232634875}