{"emd_td": 0.0031625733195034056, "emd_it": 0.003201755196034534}