{"emd_td": 0.002399390571425933, "emd_it": 0.002396388402072754}