{"emd_td": 0.0026165359037849077, "emd_it": 0.0033989791443698554}