{"emd_td": 0.012063672123124666, "emd_it": 0.010711281940044925}