{"emd_td": 0.0014752374936002743, "emd_it": 0.0024049067893825446}