{"emd_td": 0.002483197369514874, "emd_it": 0.0021830328758608757}