{"emd_td": 0.0014148771212231406, "emd_it": 0.003117913724334556}