{"emd_td": 0.005090782454850765, "emd_it": 0.00511705102829287}