{"emd_td": 0.004208095176386736, "emd_it": 0.005650356642664313}