{"emd_td": 0.0027215303760016636, "emd_it": 0.00306799646828956}