{"emd_td": 0.007087313800065938, "emd_it": 0.004958575875990692}