{"emd_td": 0.0053911820960016125, "emd_it": 0.00291183483106751}