{"emd_td": 0.0048810565412874644, "emd_it": 0.004178966688421752}