{"emd_td": 0.003720148931191577, "emd_it": 0.0035712899343969553}