{"emd_td": 0.004837649532594811, "emd_it": 0.004370682804572408}