{"emd_td": 0.004083333311943284, "emd_it": 0.002606606272889713}