{"emd_td": 0.003876546299090164, "emd_it": 0.00202451968054851}