{"emd_td": 0.0017857142857142859, "emd_it": 0.002474687952558413}