{"emd_td": 0.0028285945474892196, "emd_it": 0.0021292261021153822}