{"emd_td": 0.004663149208837247, "emd_it": 0.0037285019742457435}