{"emd_td": 0.006391955492649573, "emd_it": 0.004912507171543314}