{"emd_td": 0.003642070531401578, "emd_it": 0.005132726683460754}