{"emd_td": 0.006054470862565603, "emd_it": 0.003162727310461579}