{"emd_td": 0.009226241312790451, "emd_it": 0.005632725564855593}