{"emd_td": 0.00383476727198056, "emd_it": 0.002599051763206075}