{"emd_td": 0.004642500573391607, "emd_it": 0.0036855640037462487}