{"emd_td": 0.004232070480576677, "emd_it": 0.0011075667495280478}