{"emd_td": 0.0014075742779052693, "emd_it": 0.0011213894387908604}