{"emd_td": 0.004358864875037113, "emd_it": 0.001979680275961481}