{"emd_td": 0.0010894143092388237, "emd_it": 0.001091497401460502}