{"emd_td": 0.0032452455026482346, "emd_it": 0.003260270377949356}