{"emd_td": 0.005866509648167715, "emd_it": 0.0029091654861891515}