{"emd_td": 0.00502916260471023, "emd_it": 0.0049663272778136215}