{"emd_td": 0.0027784074702141702, "emd_it": 0.0016972237249846564}