{"emd_td": 0.007015347127949362, "emd_it": 0.00543454180989569}