{"emd_td": 0.003362191232081065, "emd_it": 0.0017401857908081217}