{"emd_td": 0.0010065272816129531, "emd_it": 0.000996718056206734}