{"emd_td": 0.003873054014246772, "emd_it": 0.0032332030154566915}