{"emd_td": 0.0036757063657989458, "emd_it": 0.0025744102939628537}