{"emd_td": 0.0043235340296953525, "emd_it": 0.003930402361348454}