{"emd_td": 0.005409455191005701, "emd_it": 0.005164643436470872}