{"emd_td": 0.007746942012547254, "emd_it": 0.007510189128543297}