{"emd_td": 0.005702813715293298, "emd_it": 0.0032150546280710255}