{"emd_td": 0.004103768291151238, "emd_it": 0.003907835336195443}