{"emd_td": 0.0028008369509969944, "emd_it": 0.0028089720471574015}