{"emd_td": 0.0035814545568079005, "emd_it": 0.002807558289687835}