{"emd_td": 0.007069263846483572, "emd_it": 0.006374223305112004}