{"emd_td": 0.004924450206252195, "emd_it": 0.004833002249121919}