{"emd_td": 0.0007385241859523252, "emd_it": 0.0007513886052373677}