{"emd_td": 0.003963388893333736, "emd_it": 0.002296267105543535}