{"emd_td": 0.002563038553225551, "emd_it": 0.0026899186149076295}