{"emd_td": 0.004080931289184546, "emd_it": 0.0035226947841943677}