{"emd_td": 0.005606962918823307, "emd_it": 0.0034470587904733693}