{"emd_td": 0.0042984885064331225, "emd_it": 0.001135811584325322}