{"emd_td": 0.0032005631184749816, "emd_it": 0.0026346641598812524}