{"emd_td": 0.0031606254889253883, "emd_it": 0.0017304075038324096}