{"emd_td": 0.0008991927435374652, "emd_it": 0.0010416174888389859}