{"emd_td": 0.004894089101751038, "emd_it": 0.004305117632791654}