{"emd_td": 0.0033596104255914595, "emd_it": 0.003730803255444672}