{"emd_td": 0.007246034173587093, "emd_it": 0.0055316644972377964}