{"emd_td": 0.0035226176965220575, "emd_it": 0.002064549863174548}