{"emd_td": 0.003333726735896456, "emd_it": 0.0031371010970710263}