{"emd_td": 0.00633493376462845, "emd_it": 0.0060263075857200955}