{"emd_td": 0.006697076644972207, "emd_it": 0.003921926680632923}