{"emd_td": 0.0051129059294924865, "emd_it": 0.0049190407870465256}