{"emd_td": 0.002433898055426811, "emd_it": 0.0015556169743196396}