{"emd_td": 0.002631049449118701, "emd_it": 0.0024093920831012973}