{"emd_td": 0.0037860562062471542, "emd_it": 0.00357465291006451}