{"emd_td": 0.007302452415739597, "emd_it": 0.006458763280593136}