{"emd_td": 0.002485857849654493, "emd_it": 0.0030810489004103577}