{"emd_td": 0.005866026952376017, "emd_it": 0.004312850559977363}