{"emd_td": 0.003563452071479428, "emd_it": 0.0024142572184084085}