{"emd_td": 0.0060254511929808, "emd_it": 0.00464183045957134}