{"emd_td": 0.0027084396131646627, "emd_it": 0.0021812741444223824}