{"emd_td": 0.0016273130692661367, "emd_it": 0.003547811060157654}