{"emd_td": 0.003523476656386121, "emd_it": 0.0031049699197751583}