{"emd_td": 0.002209132997636629, "emd_it": 0.0020233729890592965}