{"emd_td": 0.004501569991196778, "emd_it": 0.0019352550009510848}