{"emd_td": 0.011088652950040766, "emd_it": 0.01074127271591832}