{"emd_td": 0.0032253823132835377, "emd_it": 0.004463620592309316}