{"emd_td": 0.006358609818901101, "emd_it": 0.002155676210008216}