{"emd_td": 0.008186166619195431, "emd_it": 0.005158829996775631}