{"emd_td": 0.004479169440994706, "emd_it": 0.003100480555775155}