{"emd_td": 0.0029414375216586857, "emd_it": 0.00296730843184394}