{"emd_td": 0.005005854807721546, "emd_it": 0.0026269849792176082}