{"emd_td": 0.0007436981527453276, "emd_it": 0.0009893690178759084}