{"emd_td": 0.0003808111841480211, "emd_it": 0.00038160422789346475}