{"emd_td": 0.004056567630373418, "emd_it": 0.0026152455842236694}