{"emd_td": 0.008435723454978911, "emd_it": 0.008573253390433348}